courseno,classno,title,classification,instructor,credit,hour
10023,16,Christianity and the World,Liberal Arts Courses,Myung Sahm Suh,3,3
11095,2,Share Leadership,Liberal Arts Courses,Kim  Miduk,2,3
11203,1,Global Business Communication,Liberal Arts Courses,Seon Ju Oh,3,3
11203,2,Global Business Communication,Liberal Arts Courses,Seon Ju Oh,3,3
11203,3,Global Business Communication,Liberal Arts Courses,,3,3
11203,4,Global Business Communication,Liberal Arts Courses,,3,3
10098,1,College English,Liberal Arts Courses,Yu Kyung Han,3,3
10098,2,College English,Liberal Arts Courses,Min Ji Chae,3,3
10098,3,College English,Liberal Arts Courses,Jean Paquette,3,3
10098,4,College English,Liberal Arts Courses,H. J. Hodges,3,3
10098,5,College English,Liberal Arts Courses,Shu Che,3,3
10098,6,College English,Liberal Arts Courses,Soo Kyung Lee,3,3
10098,7,College English,Liberal Arts Courses,Young Yeah Hong,3,3
10098,8,College English,Liberal Arts Courses,Young Yeah Hong,3,3
10098,9,College English,Liberal Arts Courses,H. J. Hodges,3,3
10098,10,College English,Liberal Arts Courses,David J. Hamilton,3,3
10098,11,College English,Liberal Arts Courses,Peter H. Kipp,3,3
10098,12,College English,Liberal Arts Courses,Joo In  Hwang,3,3
10098,13,College English,Liberal Arts Courses,Anthony F. Davis,3,3
10098,14,College English,Liberal Arts Courses,Bruce D. Barnes,3,3
10098,15,College English,Liberal Arts Courses,Yu Kyung Han,3,3
10098,16,College English,Liberal Arts Courses,Soo Kyung Lee,3,3
10098,17,College English,Liberal Arts Courses,Shu Che,3,3
10098,18,College English,Liberal Arts Courses,Hae Chin Moon,3,3
10098,19,College English,Liberal Arts Courses,Sung Jung hye,3,3
10098,20,College English,Liberal Arts Courses,Lee  Hyunbok,3,3
10098,21,College English,Liberal Arts Courses,Jean Paquette,3,3
10098,22,College English,Liberal Arts Courses,Anthony F. Davis,3,3
10098,23,College English,Liberal Arts Courses,Bruce D. Barnes,3,3
10098,24,College English,Liberal Arts Courses,CHUN YANGSUN,3,3
10098,25,College English,Liberal Arts Courses,Sangmin Lee,3,3
10098,26,College English,Liberal Arts Courses,Kim  Myoung Ok,3,3
10098,27,College English,Liberal Arts Courses,OH  Hae Jin,3,3
10098,28,College English,Liberal Arts Courses,Oh  Eunjin,3,3
10099,1,Advanced English,Liberal Arts Courses,Brian D. Ridgeway,3,3
10099,2,Advanced English,Liberal Arts Courses,Anthony F. Davis,3,3
10099,3,Advanced English,Liberal Arts Courses,Bruce D. Barnes,3,3
10099,4,Advanced English,Liberal Arts Courses,Hyen Joo Park,3,3
10099,5,Advanced English,Liberal Arts Courses,Min Ji Chae,3,3
10099,6,Advanced English,Liberal Arts Courses,Young Yeah Hong,3,3
10099,7,Advanced English,Liberal Arts Courses,Joo In  Hwang,3,3
10099,8,Advanced English,Liberal Arts Courses,Sun Young Lee,3,3
10099,9,Advanced English,Liberal Arts Courses,Peter H. Kipp,3,3
10099,10,Advanced English,Liberal Arts Courses,Karen Muckenhirn,3,3
10099,11,Advanced English,Liberal Arts Courses,Hae Chin Moon,3,3
10099,12,Advanced English,Liberal Arts Courses,Caroline Kim,3,3
10099,13,Advanced English,Liberal Arts Courses,Shu Che,3,3
10099,14,Advanced English,Liberal Arts Courses,Kim  Myoung Ok,3,3
10099,15,Advanced English,Liberal Arts Courses,OH  Hae Jin,3,3
10099,16,Advanced English,Liberal Arts Courses,Jean Paquette,3,3
10099,17,Advanced English,Liberal Arts Courses,Sangmin Lee,3,3
10099,18,Advanced English,Liberal Arts Courses,Yoonji Kim,3,3
10099,19,Advanced English,Liberal Arts Courses,Lee  Hyunbok,3,3
10099,20,Advanced English,Liberal Arts Courses,Hyeweon Moon,3,3
10099,21,Advanced English,Liberal Arts Courses,CHO  Hyojin,3,3
10099,22,Advanced English,Liberal Arts Courses,Min Ji Chae,3,3
10099,23,Advanced English,Liberal Arts Courses,Yu Kyung Han,3,3
10099,24,Advanced English,Liberal Arts Courses,Soo Kyung Lee,3,3
10099,25,Advanced English,Liberal Arts Courses,Brian D. Ridgeway,3,3
10099,26,Advanced English,Liberal Arts Courses,Jung  Daun,3,3
10099,27,Advanced English,Liberal Arts Courses,KANG  NA YEON,3,3
10099,28,Advanced English,Liberal Arts Courses,Ann Yunmi Keh,3,3
10099,29,Advanced English,Liberal Arts Courses,David J. Hamilton,3,3
10099,30,Advanced English,Liberal Arts Courses,Shu Che,3,3
10099,31,Advanced English,Liberal Arts Courses,Kim  Myoung Ok,3,3
10099,32,Advanced English,Liberal Arts Courses,H. J. Hodges,3,3
10099,33,Advanced English,Liberal Arts Courses,Shu Che,3,3
10099,34,Advanced English,Liberal Arts Courses,Brian D. Ridgeway,3,3
10099,35,Advanced English,Liberal Arts Courses,Anthony F. Davis,3,3
10099,36,Advanced English,Liberal Arts Courses,Bruce D. Barnes,3,3
10099,37,Advanced English,Liberal Arts Courses,Jean Paquette,3,3
10099,38,Advanced English,Liberal Arts Courses,Thomas E. Webster,3,3
10099,39,Advanced English,Liberal Arts Courses,Suyeon Kim,3,3
10099,40,Advanced English,Liberal Arts Courses,Chung  Jae Yun,3,3
10099,41,Advanced English,Liberal Arts Courses,Caroline Kim,3,3
10099,42,Advanced English,Liberal Arts Courses,Christopher Linville,3,3
10099,43,Advanced English,Liberal Arts Courses,Joo In  Hwang,3,3
10099,44,Advanced English,Liberal Arts Courses,Soo Kyung Lee,3,3
10099,45,Advanced English,Liberal Arts Courses,Yu Kyung Han,3,3
10099,46,Advanced English,Liberal Arts Courses,MEE YOUNG JIN,3,3
10099,47,Advanced English,Liberal Arts Courses,Hye Sook Min,3,3
10099,48,Advanced English,Liberal Arts Courses,Thomas E. Webster,3,3
10099,49,Advanced English,Liberal Arts Courses,H. J. Hodges,3,3
10099,50,Advanced English,Liberal Arts Courses,Yoonji Kim,3,3
10099,51,Advanced English,Liberal Arts Courses,Lee  Hyunbok,3,3
10099,52,Advanced English,Liberal Arts Courses,Hyeweon Moon,3,3
10099,53,Advanced English,Liberal Arts Courses,KO  KEUN YOUNG,3,3
10099,54,Advanced English,Liberal Arts Courses,Hye Sook Min,3,3
10099,55,Advanced English,Liberal Arts Courses,So Young Lee,3,3
10099,56,Advanced English,Liberal Arts Courses,Young Yeah Hong,3,3
10099,57,Advanced English,Liberal Arts Courses,Sangmin Lee,3,3
10099,58,Advanced English,Liberal Arts Courses,Hyeweon Moon,3,3
10099,59,Advanced English,Liberal Arts Courses,Hae Chin Moon,3,3
10099,60,Advanced English,Liberal Arts Courses,OH  Hae Jin,3,3
10099,61,Advanced English,Liberal Arts Courses,David J. Hamilton,3,3
10099,62,Advanced English,Liberal Arts Courses,Christopher Linville,3,3
10099,63,Advanced English,Liberal Arts Courses,Oh  Eunjin,3,3
10840,1,Writing and Discussion,Liberal Arts Courses,So Young Lee,3,3
10840,2,Writing and Discussion,Liberal Arts Courses,Caroline Kim,3,3
10840,3,Writing and Discussion,Liberal Arts Courses,Christopher Linville,3,3
11183,1,The Story of Human Language,Liberal Arts Courses,,3,3
11165,1,Topics in Multiethnic American Literature,Liberal Arts Courses,Min Ji Chae,3,3
11164,1,Contemporary Photography,Liberal Arts Courses,Thomas E. Webster,3,3
11057,1,Modern Western History through Themes,Liberal Arts Courses,Kyung Deok Roh,3,3
11041,1,Human Being and Philosophical Thinking,Liberal Arts Courses,Choong Su Han,3,3
11163,1,Literacy in the 21st Century,Liberal Arts Courses,Thomas E. Webster,3,3
10109,2,Human Development and the Family,Liberal Arts Courses,HAN SAE YOUNG,3,3
11188,1,Introduction to Ethnic Conflict and Management,Liberal Arts Courses,Jennifer Sejin Oh,3,3
10930,1,Behavior of Animals,Liberal Arts Courses,JANG  YIKWEON,3,3
11155,1,Science and Fiction,Liberal Arts Courses,AHJEONG SON,3,3
10504,1,Korean Ceramics I,Liberal Arts Courses,Lee Eun Young,3,3
10505,1,Korean Ceramics II,Liberal Arts Courses,Eun Lee,3,3
10952,1,Introductory Psychology in Education,Liberal Arts Courses,OH  INSOO,3,3
10962,1,Introduction to Counseling,Liberal Arts Courses,OH  INSOO,3,3
10562,1,Sports and globalization,Liberal Arts Courses,HONG EUNAH,3,3
10567,1,Academic English,Liberal Arts Courses,LEE SO YOUNG,3,3
10596,1,Current Issues,Liberal Arts Courses,Hae Chin Moon,3,3
10597,1,Business and Technical English,Liberal Arts Courses,BRIAN D. RIDGEWAY,3,3
10641,1,Speech and Presentation,Liberal Arts Courses,Yoonji Kim,3,3
10643,1,Cinema Arts and English,Liberal Arts Courses,,3,3
10709,1,World Women Through English,Liberal Arts Courses,Min Hye Sook,3,3
10811,1,Research Writing,Liberal Arts Courses,Caroline Kim,3,3
11052,1,Special Topics in English,Liberal Arts Courses,David J. Hamilton,3,3
11310,1,Literary Themes in Films,Liberal Arts Courses,Min Hye Sook,3,3
11136,1,Global Political Economy,Liberal Arts Courses,Thomas Kalinowski,3,3
10978,1,Therapeutic Use of Music on Human Behavior,Liberal Arts Courses,Hyun Ju Chong,3,3
10907,1,Women Culture and Migration from Global Perspective,Liberal Arts Courses,Kim  Miduk,3,3
11245,1,Designing with Korean paintings,Liberal Arts Courses,Chung Hye Jin,3,3
11245,2,Designing with Korean paintings,Liberal Arts Courses,Chung Hye Jin,3,3
20408,1,Calculus II,Major foundation,Jae Hyouk Lee,3,3
20425,1,Statistics II,Major foundation,Jae Youn Ahn,3,3
20411,1,General Physics Laboratory II,Major foundation,Dong Wook Kim,1,1.5
20411,2,General Physics Laboratory II,Major foundation,Kim Tae Hee,1,1.5
20411,3,General Physics Laboratory II,Major foundation,Sang Wook Lee,1,1.5
20411,4,General Physics Laboratory II,Major foundation,Kim Tae Hee,1,1.5
20411,5,General Physics Laboratory II,Major foundation,LEE HYE GYONG,1,1.5
20411,6,General Physics Laboratory II,Major foundation,LEE HYE GYONG,1,1.5
20411,7,General Physics Laboratory II,Major foundation,LEE HYE GYONG,1,1.5
30002,3,General Physics II,Major foundation,Taeyoung Choi,3,3
30002,6,General Physics II,Major foundation,Chunglee Kim,3,3
20417,2,General Chemistry II,Major foundation,Myung Hwa Kim,3,3
20417,3,General Chemistry II,Major foundation,Sang Jip Nam,3,3
20417,4,General Chemistry II,Major foundation,Sun Shin Cha,3,3
20417,5,General Chemistry II,Major foundation,,3,3
20412,1,General Biology,Major foundation,Lee  In Hye/ Tae Soo Kim,3,3
20412,3,General Biology,Major foundation,Wan Kyu Kim/ Yuseob Kim,3,3
20414,2,General Biology II,Major foundation,Eun Kyung Suh/ Yuseob Kim,3,3
36579,1,Class Piano II,Major foundation,Chang  Mihwa,1,1.5
36579,2,Class Piano II,Major foundation,Chang  Mihwa,1,1.5
34799,1,Sight Singing & Ear Training II,Major foundation,KIM  Eunha,1,1.5
34799,2,Sight Singing & Ear Training II,Major foundation,Ham  Yoonmi,1,1.5
34799,3,Sight Singing & Ear Training II,Major foundation,CHO  SABANG,1,1.5
34799,4,Sight Singing & Ear Training II,Major foundation,Sunyeong Pak,1,1.5
34799,5,Sight Singing & Ear Training II,Major foundation,Won Young seok,1,1.5
34799,6,Sight Singing & Ear Training II,Major foundation,Won Young seok,1,1.5
34799,7,Sight Singing & Ear Training II,Major foundation,CHO  SABANG,1,1.5
34067,1,History of Western Music II,Major foundation,yoonkyung park,2,3
34067,2,History of Western Music II,Major foundation,Hyunree Cho,2,3
36576,1,Sight singing & Ear training IV,Major foundation,Ham  Yoonmi,1,1.5
36576,2,Sight singing & Ear training IV,Major foundation,Sunyeong Pak,1,1.5
36576,3,Sight singing & Ear training IV,Major foundation,CHO  SABANG,1,1.5
36576,4,Sight singing & Ear training IV,Major foundation,Sunyeong Pak,1,1.5
36576,5,Sight singing & Ear training IV,Major foundation,Won Young seok,1,1.5
36576,6,Sight singing & Ear training IV,Major foundation,Won Young seok,1,1.5
36576,7,Sight singing & Ear training IV,Major foundation,Michael Sidney Timpson,1,1.5
20868,1,Korean Music Accompanying Technique II,Major foundation,kim kwang sup,1,1.5
20868,2,Korean Music Accompanying Technique II,Major foundation,kim kwang sup,1,1.5
36575,1,History of Western Music IV,Major foundation,Eunha Kim,2,3
36575,2,History of Western Music IV,Major foundation,yoonkyung park,2,3
34119,2,Basic Korean Painting,Major foundation,Seokyeong Kang,2,3
37069,3,2 D,Major foundation,Koh San Keum,2,3
22233,2,Statistics for Business,Major foundation,MIN  DAIKI,3,3
36884,1,International Society and Leadership,Major foundation,Yoo  Sung jin,3,3
36885,1,Global and Intercultural Identities,Major foundation,Chang  Won Kyung,3,3
37587,1,Basics of Brain and Cognitive Sciences Research,Major foundation,Chung  Sooyoung,3,3
36003,1,Introduction to Int'l Politics,Major foundation,Leif Eric Easley,3,3
36004,1,Introduction to International Business,Major foundation,,3,3
37426,1,Korean unification nursing and multicultural society,Major foundation,Juh Hyun Shin,2,2
37947,1,Nursing  Culture and Art,Major foundation,Sung Heui Bae,2,2
37948,1,Health Statistics,Major foundation,Juh Hyun Shin/ Kon Hee Kim/ Sung Heui Bae,3,3
38407,1,C Programming & Lab,Major foundation,Sang Soo Park,3,3
38407,2,C Programming & Lab,Major foundation,CHO  DONGSUB,3,3
20642,2,Numerical Methods,Major foundation,Shin  Taehoon,3,3
36341,2,Engineer Mathematics,Major foundation,Woojae Kim,3,3
36341,3,Engineer Mathematics,Major foundation,DAEHYUN WEE,3,3
37412,1,Introduction to programming,Major foundation,Jewon Kang,3,3
37412,2,Introduction to programming,Major foundation,Sang Beom Jun,3,3
37503,1,Elementary Chemistry for Engineers Ⅱ,Major foundation,Youngmin You,3,3
37836,1,Engineering Physical Chemistry II,Major foundation,Suyeon Cho,3,3
38418,1,Architectural and Urban Systems Computer Programming,Major foundation,JeongWook Son,3,3
38420,1,Engineering Communication,Major foundation,Yunmi Park,3,3
35714,1,Modern History of Korea,Major elective,Cheolbae Son,3,3
35715,1,Comparative Study in Korean & Asian History,Major elective,이강한,3,3
34376,1,Ancient Western Philosophy,Major elective,Yungwhan Lee,3,3
38041,1,Storytelling and Literature,Major elective,Karen Muckenhirn,3,3
38041,2,Storytelling and Literature,Major elective,Peter H. Kipp,3,3
38041,3,Storytelling and Literature,Major elective,Chan Kil Park,3,3
38041,4,Storytelling and Literature,Major elective,Joon Ho Hwang,3,3
36146,1,Seventeenth & Eighteenth Century English Literature,Major elective,Ju Lie Choi,3,3
36146,2,Seventeenth & Eighteenth Century English Literature,Major elective,Youngjin Chung,3,3
38042,1,Language and Culture,Major elective,Hye Won Choi,3,3
90002,1,History of the English Language,Major elective,Hye Won Choi,3,3
90002,2,History of the English Language,Major elective,Isaac Gould,3,3
35171,1,British and American Film,Major elective,Hyung Sook Lee,3,3
35171,2,British and American Film,Major elective,Boosung Kim,3,3
36150,1,Capstone Design Seminar in Literary and Media Translation,Major elective,Peter H. Kipp,3,3
36150,2,Capstone Design Seminar in Literary and Media Translation,Major elective,Peter H. Kipp,3,3
36152,1,Modern and Contemporary American Novel,Major elective,Min Jung Kim,3,3
20085,2,Shakespeare,Major elective,Su kyung Hwang,3,3
35211,1,English Language Teaching and Learning,Major elective,Yoonji Kim,3,3
35075,1,Philosophy of Images,Major elective,Choong Su Han,3,3
22165,1,Introduction to International Relations,Major elective,Yong Kyun Kim,3,3
22185,1,Methodology in Political Science,Major elective,Jongkon Lee,3,3
30806,1,International Organization,Major elective,Yong Kyun Kim,3,3
38663,1,Politics and Social Change,Major elective,Go Min Hee,3,3
38664,1,Republicanism and Political Thought,Major elective,Kim  Kyung Hee,3,3
37175,1,Research Method for Public Policy,Major elective,Yoomi Kim,3,3
22195,1,Macroeconomics,Major elective,Hong  Kiseok,3,3
22195,2,Macroeconomics,Major elective,Byoung Hoon Seok,3,3
22201,1,Mathematics for Economics,Major elective,Minjung Park,3,3
22207,1,Statistics for Economics,Major elective,Jin Lee,3,3
22207,2,Statistics for Economics,Major elective,Hosin Song,3,3
22218,2,Microeconomics,Major elective,Bang  Se Hoon,3,3
22218,3,Microeconomics,Major elective,Minjung Park,3,3
35731,1,The Korean Economy,Major elective,Kim  SeiWan,3,3
36016,1,Records and Archives Management,Major elective,Ji Hyun Kim,3,3
33722,1,Gender and Society,Major elective,Minzee Kim,3,3
36061,1,Social Research Method,Major elective,Harris Hyunsoo Kim,3,3
35738,1,Social Problems,Major elective,Trent M. Bax,3,3
37459,1,Surveillance in Society,Major elective,Trent M. Bax,3,3
36025,2,Understanding Psychology,Major elective,Kim  Sung Ho,3,3
34506,1,Social Psychology,Major elective,Kyoung Ok Seol,3,3
35097,1,Infancy and Childhood Development,Major elective,Sujin Yang,3,3
33814,1,Consumer Decision Making,Major elective,LIM  EunJung,3,3
36078,1,Consumer and Information,Major elective,Hyemi Lee,3,3
33759,1,Psychological Approach to Mass Communication,Major elective,LIM  SOHYE,3,3
36043,1,Advertising and Consumer Psychology,Major elective,Seung Chul Yoo,3,3
37916,1,Networks and Public Management,Major elective,Yujin Choi,3,3
22212,2,International Finance,Major elective,Byoung Hoon Seok,3,3
36067,1,Financial Econometrics,Major elective,Jaeho Yun,3,3
36798,1,Law and Society,Major elective,Minzee Kim,3,3
34956,1,Community Social Welfare,Major elective,Sang Mi Cho,3,3
33311,1,Industrial Social Welfare,Major elective,,3,3
32959,1,Consumer Psychology,Major elective,Eunice Kim,3,3
35373,1,Consumer Investment and Insurance,Major elective,Joo  So Hyun,3,3
34720,1,Television Production,Major elective,Yun Jung Choi,3,3
35118,1,Advertising Management,Major elective,Soontae An,3,3
20307,1,Global Communication,Major elective,Choi  Jihyang,3,3
37546,1,Intercultural Communication,Major elective,Hye Eun Lee,3,3
20435,1,Differential Equations,Major elective,Min  Chohong,3,3
20442,1,Linear Algebra II,Major elective,Se jin Oh,3,4.5
35290,1,Advanced Calculus II,Major elective,YOON  Jungho,3,4.5
20634,1,Basic Probability Theory,Major elective,Mi Jeong Kim,3,3
20657,2,Regression Analysis,Major elective,Yoo  Jae Keun,3,3
20513,1,Physics Laboratory II,Major elective,Sang Wook Lee,2,3
20450,1,Topology II,Major elective,Hyun Kyu Kim,3,3
35979,1,Digital Image Processing,Major elective,Jungho Yoon,3,3
20656,1,Measure and Probability,Major elective,Jae Youn Ahn,3,3
36858,1,Categorical Data Analysis,Major elective,Donghwan Lee,3,3
20515,1,Physics Laboratory IV,Major elective,Dong Wook Kim,2,3
20527,1,Computational Physics,Major elective,Gun Sang Jeon,3,4.5
20570,2,Organic Chemistry II,Major elective,Ko  Soo Young,3,3
20570,3,Organic Chemistry II,Major elective,Yong Uk Kwon,3,3
20570,4,Organic Chemistry II,Major elective,Jean Bouffard,3,3
33695,2,Organic Chemistry Laboratory Ⅱ,Major elective,Yong Uk Kwon,2,3
33695,4,Organic Chemistry Laboratory Ⅱ,Major elective,Yong Uk Kwon,2,3
20554,1,Physical Chemistry III,Major elective,Jun Soo Kim,3,3
33698,1,Physical Methods in Chemistry II,Major elective,Park  So Jung,2,3
33698,2,Physical Methods in Chemistry II,Major elective,Park  So Jung,2,3
33698,3,Physical Methods in Chemistry II,Major elective,Park  So Jung/ Kim  Jinheung,2,3
33698,4,Physical Methods in Chemistry II,Major elective,KIM DONG HA,2,3
20600,3,Molecular Biology I,Major elective,Wan Kyu Kim/ Tae Soo Kim,3,3
30245,2,Microbiology,Major elective,KIM OK BIN,3,3
34237,2,Cell Biology II,Major elective,Eun Kyung Suh/ Lee  In Hye,3,3
20494,1,Computer Graphics,Major elective,Young Jun Kim,3,3
35327,1,Communications Laboratory,Major elective,Hyunggon Park,2,3
35327,2,Communications Laboratory,Major elective,Hyunggon Park,2,3
36347,1,Architectural Design 4,Major requisite,천호성,6,12
36349,1,Architectural Design 6,Major requisite,Da Un Yoo,6,12
37417,1,Integrated Cost and Schedule Management,Major elective,JeongWook Son,3,3
36351,1,Architectural Design 8(Capstone Design),Major elective,Hyoung gul Kook,6,12
36373,1,Integrated Cost and Schedule Management,Major requisite,JeongWook Son,3,3
30133,1,Air Pollution and Lab,Major elective,Lee  Ji Yi,3,4.5
36321,1,HACCP Analysis,Major elective,Sunae Kim,3,3
36815,1,Biochemistry II,Major elective,Kwon  Youngjoo,3,3.5
37515,1,Heat and Mass Transfer,Major elective,Byoung Hoon Lee,3,3
37520,1,Process Control Systems,Major elective,Sangheon Lee,3,3
37838,1,Introduction to biochemical engineering,Major elective,Si Jae Park,3,3
37839,1,Elementary Quantum Mechanics,Major elective,Suyeon Cho,3,3
37530,1,Catalytic Process Engineering,Major elective,Woojae Kim,3,3
35956,1,Class Organ II,Major elective,Yoomi Chang,1,1.5
36583,1,Class Piano II,Major elective,Yoong Kyung Ahn,1,1.5
20882,1,Korean Music EnsembleⅡ,Major requisite,KIM SUN OK,1,2
20882,2,Korean Music EnsembleⅡ,Major requisite,BAEK Mi Jin,1,2
20882,3,Korean Music EnsembleⅡ,Major requisite,KIM  hyeran,1,2
37867,1,Korean Traditional String EnsembleⅡ,Major elective,LEE Su Eun/ KIM SO YEON,1,2
37891,1,Korean Music CompositionⅡ,Major elective,Hyun Jung Ahn,1,2
20883,1,Korean Music EnsembleⅣ,Major requisite,KIM SUN OK,1,2
20883,2,Korean Music EnsembleⅣ,Major requisite,BAEK Mi Jin,1,2
20883,3,Korean Music EnsembleⅣ,Major requisite,KIM  hyeran,1,2
36098,1,Applied DansoⅡ,Major elective,Park Hye ohn,1,1.5
36635,1,Korean Traditional InstrumentⅡ,Major elective,Park Hye ohn,1,1.5
37869,1,Korean Traditional String EnsembleⅣ,Major elective,LEE Su Eun/ KIM SO YEON,1,2
37893,1,Korean Music CompositionⅣ,Major elective,Hyun Jung Ahn,1,2
34823,1,Keyboard Literature II,Major requisite,Yoong Kyung Ahn,2,2
36593,1,Group Piano II,Major elective,Ji Yang,1,1.5
34837,1,Keyboard Literature IV,Major elective,Yoong Kyung Ahn,2,2
34859,1,Song Literature II,Major requisite,PARK YI YEON,2,2
34864,1,History of Opera,Major elective,KIM  EUN HEE,2,2
34819,1,Contemporary Music II,Major elective,Michael Sidney Timpson,2,2
20866,1,Korean Music LiteratureⅡ,Major elective,Myosin Kim,2,2
36640,1,Korean Music EnsembleⅥ,Major requisite,Chung Yeon Yoo,1,2
36640,2,Korean Music EnsembleⅥ,Major requisite,BAEK Mi Jin,1,2
36640,3,Korean Music EnsembleⅥ,Major requisite,KIM  hyeran,1,2
36649,1,Computer Music in a Korean Traditional MusicⅡ,Major elective,Hyun Jung Ahn,1,1.5
36649,2,Computer Music in a Korean Traditional MusicⅡ,Major elective,Hyun Jung Ahn,1,1.5
37871,1,Korean Traditional String EnsembleⅥ,Major elective,LEE Su Eun/ KIM SO YEON,1,2
37895,1,Korean Music CompositionⅥ,Major elective,Hyun Jung Ahn,1,2
20870,1,Korean Music Analysis II,Major elective,KIM  hyeran,2,2
36642,1,Korean Music Ensemble VIII,Major requisite,Chung Yeon Yoo,1,2
36642,2,Korean Music Ensemble VIII,Major requisite,BAEK Mi Jin,1,2
36642,3,Korean Music Ensemble VIII,Major requisite,KIM  hyeran,1,2
36646,1,Korean Music Ensemble VIII,Major elective,LEE Su Eun/ KIM SO YEON,1,2
36646,5,Korean Music Ensemble VIII,Major elective,Hyun Jung Ahn,1,2
34985,1,Modern Landscape Painting,Major elective,Lee Jee Eun,3,3
20956,3,Drawing Workshop II,Major elective,Hyemin PARK,3,3
34192,1,Welding,Major elective,Euyoung Hong,3,3
37347,1,Media and Photography,Major elective,AN  So Hyun,3,4.5
21183,1,Ceramic Sculpture II,Major elective,Jihye Kim,3,3
21187,1,Environmental Ceramics Ⅱ,Major elective,Hyejeong KIM,3,3
30554,1,Industrial Ceramics II,Major elective,Kim Mikyoung,3,3
36663,1,Image Design II,Major elective,Yoon Seok Yoo,3,3
34289,1,Spatial Design Seminar,Major elective,KIM  HYO EUN,3,3
30494,1,Fabric Screen Printing,Major elective,LEE SOOIN,3,3
35042,1,Woven Fabric & Technique,Major elective,Youn  Soonran,3,3
35054,2,Fiber Art V,Major elective,Soonran Youn,3,3
35055,1,Fiber Art VI,Major elective,LEE SOOIN,3,3
34745,1,Fashion PracticeⅠ,Major elective,Lee Young Min,3,3
35039,1,Global Fashion Project,Major elective,Joo Borim,3,3
22652,1,Fashion Merchandising,Major elective,PARK MIN JUNG,3,3
21477,1,Theories of Teaching and Learning,Major elective,Shin  Tae Seob,3,3
21527,1,Early Childhood Development and Education,Major elective,CHUNG  HOEWOOK,3,3
21528,1,Safety Education for Young Children,Major elective,CHUNG  HOEWOOK,3,3
35532,2,Theoretical Foundation of Teaching Early Childhood Education,Major requisite,Soon Hwan Kim,3,3
30710,1,Learning Instructional Theory,Major elective,Jeongmin Lee,3,3
35189,1,Future Society and Education,Major elective,Hyo Jeong So,3,3
35277,1,Instructional Methods for Students with Mild Disabilities,Major elective,Pyung Gang Jung,3,3
35282,1,Secondary Special Education,Major elective,Suk Hyang Lee,3,3
37217,1,Capston Design for Special Education (Educatoinal Agency Track),Major elective,Yu Ri Kim,3,3
21649,2,English Phonetics,Major elective,Suyeon Yun,3,3
35981,1,English Composition,Major elective,Kevin Buchanan,3,3
35981,2,English Composition,Major elective,Kevin Buchanan,3,3
35981,3,English Composition,Major elective,Kevin Buchanan,3,3
21643,1,Communication Skills in English,Major elective,YUN  UNGSOP,3,3
30639,1,Teaching Listening and Speaking in English as a Foreign Language,Major elective,CHOI  YEON HEE,3,3
30639,2,Teaching Listening and Speaking in English as a Foreign Language,Major elective,LEE  Min Jin,3,3
33900,1,Reading Practice in English,Major elective,Kevin Buchanan,3,3
33900,2,Reading Practice in English,Major elective,CHO  Hyojin,3,3
30644,1,Survey of English and American Literature II,Major elective,See Young Park,3,3
35539,2,Materials development and research in EFL,Major requisite,Josephine Lee,3,3
36945,1,Critical Thinking and Essay Writing in English Education,Major requisite,Josephine Lee,3,3
36945,2,Critical Thinking and Essay Writing in English Education,Major requisite,YUN  UNGSOP,3,3
36945,3,Critical Thinking and Essay Writing in English Education,Major requisite,OH  Hae Jin,3,3
30641,1,Advanced English Composition,Major elective,YUN  UNGSOP,3,3
30641,2,Advanced English Composition,Major elective,YUN  UNGSOP,3,3
38241,1,Introducton to Multicultural Education,Major elective,Yoonjung Choi,3,3
33923,1,Organic Chemistry and Spectroscopy,Major elective,JI HUN PARK,3,3
35551,1,Chemistry Curricular Materials and Teaching Methods,Major requisite,Aeran Choi,3,3
35450,1,Spectroscopic Chemistry and Laboratory,Major elective,,3,3
33936,1,Animal Taxonomy and Laboratory,Major elective,JUNG  JONGWOO,3,3
22023,1,General Astronomy and Laboratory Work II,Major elective,DEOKKEUN AN,3,3
22021,1,Advanced Geology and Laboratory Work Ⅱ,Major elective,Jeonghoon Lee,3,3
30771,1,Introduction to Mathematical Analysis II,Major elective,Inhyeop Yi,3,3
35554,2,Theoretical Foundations of Teaching Mathematics,Major requisite,Kim Rae Young,3,3
35464,1,Complex Analysis,Major elective,Inhyeop Yi,3,3
30822,2,Investment Management,Major elective,Hyung Suk Choi,3,3
34613,2,Organization Theory and Development,Major elective,Sang Joon Kim,3,3
35365,1,Strategic Management,Major elective,Bong Jin Kim,3,3
36780,1,Cross cultural Issues for Management,Major elective,,3,3
33861,1,Principles of Accounting Information,Major requisite,Chung Kweon Kim,3,3
33861,2,Principles of Accounting Information,Major requisite,Jongsoo Han,3,3
33861,3,Principles of Accounting Information,Major requisite,Yong Sang Woo,3,3
33861,4,Principles of Accounting Information,Major requisite,Sorah Park,3,3
22240,2,Marketing Management,Major requisite,Hyejeung Cho,3,3
22247,3,Cost/Management Accounting,Major elective,Chung Moon Jong,3,3
22250,1,Financial Management,Major requisite,Hongmin Zi,3,3
22250,3,Financial Management,Major requisite,Moon Sub Choi,3,3
30818,3,Managing Organization Behavior,Major requisite,Ji Young Ahn,3,3
30818,5,Managing Organization Behavior,Major requisite,Sang Joon Kim,3,3
30820,1,Management Information Systems,Major requisite,Hee dong Yang,3,3
30936,2,Operation Management,Major requisite,Jin Kyung Kwak,3,3
30936,3,Operation Management,Major requisite,Seung Jae Park,3,3
30936,4,Operation Management,Major requisite,Ha Na Moon,3,3
35635,1,Intermediate Accounting II,Major elective,Chung Kweon Kim,3,3
36168,1,Introduction to Electronic Commerce,Major elective,Hee dong Yang,3,3
22430,1,Nursing Management,Major requisite,Kim MiYoung,3,3
22430,2,Nursing Management,Major requisite,MiYoung Kim/ Juh Hyun Shin,3,3
37294,1,Nutrigenomics and personalized nutrition (capstone design),Major elective,Yoon Jung Park,3,3
22544,1,Pharmaceutical Biochemistry II,Major requisite,Eunsook Hwang/ Hyun Ae Woo,1.5,1.5
22544,2,Pharmaceutical Biochemistry II,Major requisite,Eunsook Hwang/ Hyun Ae Woo,1.5,1.5
22544,3,Pharmaceutical Biochemistry II,Major requisite,EUNSOOK HWANG/ Hyun Ae Woo,1.5,1.5
37800,1,Academic Speaking in Pharmaceutical Sciences,Major elective,Soosung Kang,1.5,1.5
36217,1,Radiopharmaceuticals,Major elective,LIM  KYUNG MIN,1.5,1.5
37124,1,Pharmacy Administration,Major elective,SeungJin Bae,1.5,1.5
37802,1,Challenges in global health,Major elective,BAE Green,1.5,1.5
37804,1,Basics of Phase I IV Clinical Studies,Major elective,LIM  KYUNG MIN,1.5,1.5
37805,1,Therapeutic Sciences in Transition,Major elective,Hotcherl Jeong,1.5,1.5
37806,1,Modern Quantative Methods in Clinical and Public Health Reaearch,Major elective,SonKyungBok,1.5,1.5
36218,1,Cosmetic Science,Major elective,LIM  KYUNG MIN,1.5,1.5
37141,1,Drug Regulatory Affairs,Major elective,Chung Keel Lee,1.5,1.5
37145,1,Pharmacotherapeutics Ⅴ,Major requisite,Jeong Yeon Rhie,3,3
37145,2,Pharmacotherapeutics Ⅴ,Major requisite,Jeong Yeon Rhie,3,3
37145,3,Pharmacotherapeutics Ⅴ,Major requisite,Jeong Yeon Rhie,3,3
37809,1,Pharmaceutical care practice,Major elective,Ji Hyun Park,1.5,1.5
37811,1,Biosocial Perspective on Global Health Problems,Major elective,BAE Green,1.5,1.5
37814,1,Advanced ambulatory care pharmacy,Major elective,Ji Hyun Park,1.5,1.5
37815,1,AAPS biotechnology fundamentals of biotherapeutics development,Major elective,Soosung Kang,1.5,1.5
36217,2,Radiopharmaceuticals,Major elective,LIM  KYUNG MIN,1.5,1.5
37124,2,Pharmacy Administration,Major elective,SeungJin Bae,1.5,1.5
37802,2,Challenges in global health,Major elective,BAE Green,1.5,1.5
37804,2,Basics of Phase I IV Clinical Studies,Major elective,LIM  KYUNG MIN,1.5,1.5
37805,2,Therapeutic Sciences in Transition,Major elective,Hotcherl Jeong,1.5,1.5
37806,2,Modern Quantative Methods in Clinical and Public Health Reaearch,Major elective,SonKyungBok,1.5,1.5
37814,2,Advanced ambulatory care pharmacy,Major elective,Ji Hyun Park,1.5,1.5
37815,2,AAPS biotechnology fundamentals of biotherapeutics development,Major elective,Soosung Kang,1.5,1.5
36888,1,Great Minds in Social Sciences I,Major elective,Yoo  Sung jin,3,3
36889,1,Culture and Society,Major elective,Seahwa Kim,3,3
37694,1,Convergence of Biomedical Sciences and Brain and Cognitive Sciences,Major elective,JUNG YOON KIM,3,3
35674,1,International Political Economy,Major elective,Jean S. Kang,3,3
35688,1,Int'l Business Law,Major elective,Nu Ri Jung,3,3
36008,1,Corporate Finance,Major elective,Seok Weon Lee,3,3
36398,1,Macroeconomics,Major elective,Mah  Jai Sheen,3,3
36784,1,East Asian History and Civilization,Major elective,Sei Jeong Chin,3,3
35682,1,International Security & Peace,Major elective,Leif Eric Easley,3,3
35694,1,International Monetary Economics,Major elective,Mah  Jai Sheen,3,3
36402,1,Public International Law,Major elective,Nu Ri Jung,3,3
37235,1,US China Relations,Major elective,Jean S. Kang,3,3
37792,1,International Studies Internship II,Major elective,Sei Jeong Chin,2,
37793,1,International Studies Internship III,Major elective,Sei Jeong Chin,3,
35700,1,Capstone Design in Int'l Business & Economics,Major elective,Seok Weon Lee,3,3
36787,1,Contemporary Issues in East Asia,Major elective,Sei Jeong Chin,3,3
37556,1,Introduction to Korean Culture,Major elective,Sang ho Ro,3,3
37560,1,Globalization and Korean Migration,Major elective,Sharon Yoon,3,3
37561,1,North Korean Society and Culture,Major elective,Kyong Mi Danyel Kwon,3,3
37567,1,Reading Academic Korean II,Major elective,Jeehye Ha,3,3
37568,1,Advanced Topics in East Asian Religion,Major elective,HYONDO PARK,3,3
37570,1,Korean Studies Seminar,Major elective,Sang ho Ro,3,3
37581,1,Korean Studies Workshop,Major elective,BRIAN D. RIDGEWAY,3,3
37582,1,Special Topics in Korean Studies II,Major elective,Kyong Mi Danyel Kwon,3,3
37583,1,Korean Studies Capstone Design II,Major elective,Hong seungah,3,3
38013,1,Sound Design,Major elective,Woon Seung Yeo,3,3
33820,4,Practical Terms of Fashion and Schematization,Major elective,An Hyosun,3,3
35378,1,Pattern Design,Major elective,KIM  DONG EUN,3,3
33818,2,Dyeing and Development of Fashionable Textile Materials,Major elective,Chang Sang Yun,3,3
35382,1,Fashion Marketing,Major elective,Seahee Lee,3,3
36183,1,Introduction to International Office Administration,Major elective,Park  Yoonhee,3,3
34012,1,Business Writing,Major elective,Jeon  Jihyeon,3,3
34012,2,Business Writing,Major elective,Marc Neufeld,3,3
34012,3,Business Writing,Major elective,Marc Neufeld,3,3
35591,1,Business Communication Clinic,Major elective,Marc Neufeld,3,3
35591,2,Business Communication Clinic,Major elective,Marc Neufeld,3,3
36774,1,English for Business Interaction,Major elective,Ji Yon Lee,3,3
36774,2,English for Business Interaction,Major elective,Ji Yon Lee,3,3
36774,3,English for Business Interaction,Major elective,Ji Yon Lee,3,3
37291,1,MICE Convergence Contents Planning,Major elective,Hwang  Hae Jin,3,3
36234,1,Sports Management and Administration,Major elective,HONG EUNAH,3,3
37964,1,Sports Policy and Diplomacy,Major elective,HONG EUNAH,3,3
36597,1,Principle in Food Preparation,Major elective,Seo Jin Chung,3,3
33831,1,Human Physiology in Nutrition,Major elective,Kwon  Oran,3,3
36599,1,Laboratory Experiments in Food and Nutrition,Major elective,,3,4.5
35472,1,Introduction to Biostatistics,Major elective,Jeonghoon Ahn,3,3
36547,1,Medical Terminology II,Major elective,Song Vogue Ahn,3,3
35475,1,Planing and Evaluation for Health,Major elective,Hyekyeong Kim,3,3
36556,1,Survey Methods for Health Sciences,Major elective,Nam Kyong Choi,3,3
35603,1,Pathophysiology,Major requisite,Kim  Kon Hee,3,3
33570,1,Nursing Informatics,Major requisite,Juh Hyun Shin,1.5,1.5
37466,1,Global Health Care Systems ,Major elective,Juh Hyun Shin,1.5,1.5
33526,1,Psychiatric Mental Health NursingⅡ,Major requisite,Suk Sun Kim/ yoon jae yeon,3,3
33526,2,Psychiatric Mental Health NursingⅡ,Major requisite,Suk Sun Kim/ yoon jae yeon,3,3
33530,1,Maternity Health Nursing Ⅱ,Major requisite,Kang Sook Jung,3,3
33530,2,Maternity Health Nursing Ⅱ,Major requisite,Kang Sook Jung,3,3
35920,1,Traditional Nursing Therapy,Major elective,Sujin Shin,1.5,1.5
38558,1,Mechanical Design and Drawing,Major elective,Lee  Jung Rok,2,3
38558,2,Mechanical Design and Drawing,Major elective,Lee  Jung Rok,2,3
38558,3,Mechanical Design and Drawing,Major elective,Lee Taeyong,2,3
38565,1,Solid Mechanics,Major elective,Lee Taeyong,3,3
38586,1,Statistical Learning Theory,Major elective,Choi  Jang Hwan,3,3
20481,2,Data Structures,Major requisite,Min Dongbo,3,3
20493,2,Computer Architecture,Major requisite,HyungJune Lee,3,3
35914,3,Java Programming and Labs,Major elective,HyungJune Lee,3,4.5
38426,1,Open Software Flatform,Major elective,Uran Oh,3,3
34300,1,Electromagnetics I,Major elective,Chang Hyeon Ji,3,3
35325,1,Basic Circuit Laboratory I,Major elective,Ji Hoon Kim,2,3
35325,2,Basic Circuit Laboratory I,Major elective,Ji Hoon Kim,2,3
37508,1,Chemical Engineering Thermodynamics,Major elective,Sangheon Lee,3,3
37835,1,Engineering Organic Chemistry II,Major elective,Youngmin You,3,3
36311,1,Food Microbiology,Major elective,Byoung Sik Kim,3,3
38520,1,Climate Statistics,Major elective,Changhyun Yoo,3,3
38523,1,Introduction to Energy Resources,Major elective,Min Baehyun,3,3
32918,1,Environmental Fluid Engineering,Major elective,PARK  CHANHYUK,3,3
34874,1,Environmental Chemistry,Major elective,KIM  DONG SU,3,3
38449,1,Soil Environment and Pollution,Major elective,Ji hyung Park,3,3
36388,1,Lighting and acoustic environment planning in buildings,Major requisite,Lim Jae Han,3,3
36390,1,Structural Mechanics,Major requisite,Kim  Hee Sun,3,3
38441,1,Introduction to Urban Infrastructure Systems,Major elective,Sungjoo Hwang,3,3
36345,1,Architectural Design 2,Major requisite,Tonghoon Lee,6,12
35720,1,Introduction to Asian Art History,Major elective,Taylor Pak,3,3
22002,1,Introductory Geology,Major elective,Jeonghoon Lee,3,3
35549,2,Integrated Science Curricular Materials and Teaching Methods,Major requisite,Miyoun Lim,3,3
35503,1,Materials Development and Methodology in English Language Teaching,Major Electives(teacher training course),Suyeon Kim,3,3
35513,1,Secondary School Teaching Methods in Music Education,Major Electives(teacher training course),Jihae Shin,3,3
